"file","filepath","function_name","line","category","used_elsewhere"
"app_server.R","E:/shinyapp/FluxWatch/R/app_server.R","app_server",1,"app_entry",FALSE
"app_ui.R","E:/shinyapp/FluxWatch/R/app_ui.R","app_ui",2,"app_entry",FALSE
"fct_design.R","E:/shinyapp/FluxWatch/R/fct_design.R","fct_design_compute_excluded",14,"business_logic",FALSE
"fct_design.R","E:/shinyapp/FluxWatch/R/fct_design.R","fct_design_clean_df",72,"business_logic",TRUE
"fct_design.R","E:/shinyapp/FluxWatch/R/fct_design.R","fct_design_run_one_method",81,"business_logic",TRUE
"fct_design.R","E:/shinyapp/FluxWatch/R/fct_design.R","fct_design_regression_manual",194,"business_logic",FALSE
"fct_design.R","E:/shinyapp/FluxWatch/R/fct_design.R","fct_design_composite_manual",304,"business_logic",FALSE
"fct_design.R","E:/shinyapp/FluxWatch/R/fct_design.R","fct_design_run_comparison",362,"business_logic",FALSE
"fct_design.R","E:/shinyapp/FluxWatch/R/fct_design.R","fct_design_build_summary",417,"business_logic",FALSE
"fct_design.R","E:/shinyapp/FluxWatch/R/fct_design.R","fct_design_best_text",481,"business_logic",FALSE
"fct_design.R","E:/shinyapp/FluxWatch/R/fct_design.R","%||%",7,"business_logic",TRUE
"fct_design.R","E:/shinyapp/FluxWatch/R/fct_design.R","error",102,"business_logic",FALSE
"fct_design.R","E:/shinyapp/FluxWatch/R/fct_design.R","error",125,"business_logic",FALSE
"fct_design.R","E:/shinyapp/FluxWatch/R/fct_design.R","error",140,"business_logic",FALSE
"fct_design.R","E:/shinyapp/FluxWatch/R/fct_design.R","error",163,"business_logic",FALSE
"fct_design.R","E:/shinyapp/FluxWatch/R/fct_design.R","error",177,"business_logic",FALSE
"fct_flux.R","E:/shinyapp/FluxWatch/R/fct_flux.R","fw_flux_method_label",14,"business_logic",TRUE
"fct_flux.R","E:/shinyapp/FluxWatch/R/fct_flux.R","fw_flux_method_principle",26,"business_logic",FALSE
"fct_flux.R","E:/shinyapp/FluxWatch/R/fct_flux.R","fw_prepare_flux_data",38,"business_logic",TRUE
"fct_flux.R","E:/shinyapp/FluxWatch/R/fct_flux.R","fw_make_flux_summary_table",69,"business_logic",TRUE
"fct_flux.R","E:/shinyapp/FluxWatch/R/fct_flux.R","fw_make_flux_daily_summary",89,"business_logic",FALSE
"fct_flux.R","E:/shinyapp/FluxWatch/R/fct_flux.R","fw_init_flux_history",95,"business_logic",TRUE
"fct_flux.R","E:/shinyapp/FluxWatch/R/fct_flux.R","fw_append_flux_history",101,"business_logic",FALSE
"fct_flux.R","E:/shinyapp/FluxWatch/R/fct_flux.R","fw_plot_flux_ts",132,"business_logic",FALSE
"fct_flux.R","E:/shinyapp/FluxWatch/R/fct_flux.R","fw_plot_flux_diag",144,"business_logic",TRUE
"fct_flux.R","E:/shinyapp/FluxWatch/R/fct_flux.R","fw_run_flux_with_config",165,"business_logic",TRUE
"fct_flux.R","E:/shinyapp/FluxWatch/R/fct_flux.R","%||%",9,"business_logic",TRUE
"fct_flux.R","E:/shinyapp/FluxWatch/R/fct_flux.R","agg_mean",57,"business_logic",FALSE
"fct_flux_composite.R","E:/shinyapp/FluxWatch/R/fct_flux_composite.R","fw_run_loadcomp",21,"business_logic",FALSE
"fct_flux_composite.R","E:/shinyapp/FluxWatch/R/fct_flux_composite.R","fw_run_wrtds_kalman",180,"business_logic",FALSE
"fct_flux_composite.R","E:/shinyapp/FluxWatch/R/fct_flux_composite.R","fw_run_composite_method",240,"business_logic",TRUE
"fct_flux_composite.R","E:/shinyapp/FluxWatch/R/fct_flux_composite.R","fw_plot_composite_diag",440,"business_logic",FALSE
"fct_flux_composite.R","E:/shinyapp/FluxWatch/R/fct_flux_composite.R","%||%",7,"business_logic",TRUE
"fct_flux_composite.R","E:/shinyapp/FluxWatch/R/fct_flux_composite.R","to_scalar",256,"business_logic",TRUE
"fct_flux_interp.R","E:/shinyapp/FluxWatch/R/fct_flux_interp.R","fw_interp_conc_linear",7,"business_logic",TRUE
"fct_flux_interp.R","E:/shinyapp/FluxWatch/R/fct_flux_interp.R","fw_calc_interp",22,"business_logic",FALSE
"fct_flux_ratio.R","E:/shinyapp/FluxWatch/R/fct_flux_ratio.R","fw_calc_ratio",10,"business_logic",FALSE
"fct_flux_ratio.R","E:/shinyapp/FluxWatch/R/fct_flux_ratio.R","fw_calc_composite_simple",58,"business_logic",FALSE
"fct_flux_ratio.R","E:/shinyapp/FluxWatch/R/fct_flux_ratio.R","fw_regress_conc_simple",113,"business_logic",FALSE
"fct_flux_ratio.R","E:/shinyapp/FluxWatch/R/fct_flux_ratio.R","error",123,"business_logic",FALSE
"fct_flux_regression.R","E:/shinyapp/FluxWatch/R/fct_flux_regression.R","fw_run_flux_regression_loadflex",10,"business_logic",FALSE
"fct_flux_regression.R","E:/shinyapp/FluxWatch/R/fct_flux_regression.R","%||%",7,"business_logic",TRUE
"fct_flux_regression.R","E:/shinyapp/FluxWatch/R/fct_flux_regression.R","parse_pred",49,"business_logic",FALSE
"fct_flux_regression.R","E:/shinyapp/FluxWatch/R/fct_flux_regression.R","error",74,"business_logic",FALSE
"fct_flux_regression.R","E:/shinyapp/FluxWatch/R/fct_flux_regression.R","mk_pred",88,"business_logic",TRUE
"fct_flux_regression.R","E:/shinyapp/FluxWatch/R/fct_flux_regression.R","error",92,"business_logic",FALSE
"fct_flux_regression.R","E:/shinyapp/FluxWatch/R/fct_flux_regression.R","FUN",135,"business_logic",FALSE
"fct_flux_weighted.R","E:/shinyapp/FluxWatch/R/fct_flux_weighted.R","fw_calc_weighted",10,"business_logic",FALSE
"fct_ingest.R","E:/shinyapp/FluxWatch/R/fct_ingest.R","%||%",16,"business_logic",TRUE
"fct_ingest.R","E:/shinyapp/FluxWatch/R/fct_ingest.R","fw_trim_na",22,"business_logic",TRUE
"fct_ingest.R","E:/shinyapp/FluxWatch/R/fct_ingest.R","fw_clean_names",28,"business_logic",FALSE
"fct_ingest.R","E:/shinyapp/FluxWatch/R/fct_ingest.R","fw_as_numeric",35,"business_logic",TRUE
"fct_ingest.R","E:/shinyapp/FluxWatch/R/fct_ingest.R","fw_parse_date",47,"business_logic",TRUE
"fct_ingest.R","E:/shinyapp/FluxWatch/R/fct_ingest.R","fw_drop_empty_df",83,"business_logic",TRUE
"fct_ingest.R","E:/shinyapp/FluxWatch/R/fct_ingest.R","fw_read_sheet_fixed",113,"business_logic",TRUE
"fct_ingest.R","E:/shinyapp/FluxWatch/R/fct_ingest.R","fw_read_sheet_open",128,"business_logic",FALSE
"fct_ingest.R","E:/shinyapp/FluxWatch/R/fct_ingest.R","fw_clean_sheet",144,"business_logic",FALSE
"fct_ingest.R","E:/shinyapp/FluxWatch/R/fct_ingest.R","fw_build_topology_from_info",155,"business_logic",FALSE
"fct_ingest.R","E:/shinyapp/FluxWatch/R/fct_ingest.R","fw_format_ingest_log",176,"business_logic",FALSE
"fct_ingest.R","E:/shinyapp/FluxWatch/R/fct_ingest.R","fw_validate_info",220,"business_logic",FALSE
"fct_ingest.R","E:/shinyapp/FluxWatch/R/fct_ingest.R","fw_validate_precip",266,"business_logic",FALSE
"fct_ingest.R","E:/shinyapp/FluxWatch/R/fct_ingest.R","fw_complete_flow_dates",303,"business_logic",FALSE
"fct_ingest.R","E:/shinyapp/FluxWatch/R/fct_ingest.R","fw_impute_flow_q",387,"business_logic",FALSE
"fct_ingest.R","E:/shinyapp/FluxWatch/R/fct_ingest.R","fw_validate_flow",458,"business_logic",FALSE
"fct_ingest.R","E:/shinyapp/FluxWatch/R/fct_ingest.R","fw_validate_wq",548,"business_logic",FALSE
"fct_ingest.R","E:/shinyapp/FluxWatch/R/fct_ingest.R","fw_validate_topology",602,"business_logic",FALSE
"fct_ingest.R","E:/shinyapp/FluxWatch/R/fct_ingest.R","fw_validate_cross_sheet",643,"business_logic",FALSE
"fct_ingest.R","E:/shinyapp/FluxWatch/R/fct_ingest.R","fw_build_flux_input",674,"business_logic",FALSE
"fct_ingest.R","E:/shinyapp/FluxWatch/R/fct_ingest.R","fw_read_validate_workbook",737,"business_logic",TRUE
"fct_viz.R","E:/shinyapp/FluxWatch/R/fct_viz.R","%||%",13,"business_logic",TRUE
"fct_viz.R","E:/shinyapp/FluxWatch/R/fct_viz.R","fw_viz_as_posix",19,"business_logic",TRUE
"fct_viz.R","E:/shinyapp/FluxWatch/R/fct_viz.R","fw_viz_clean_names",30,"business_logic",TRUE
"fct_viz.R","E:/shinyapp/FluxWatch/R/fct_viz.R","fw_viz_parse_date",41,"business_logic",TRUE
"fct_viz.R","E:/shinyapp/FluxWatch/R/fct_viz.R","fw_viz_guess_sheet_type",81,"business_logic",TRUE
"fct_viz.R","E:/shinyapp/FluxWatch/R/fct_viz.R","fw_viz_normalize_clean_list",100,"business_logic",TRUE
"fct_viz.R","E:/shinyapp/FluxWatch/R/fct_viz.R","fw_viz_read_uploaded_data",138,"business_logic",FALSE
"fct_viz.R","E:/shinyapp/FluxWatch/R/fct_viz.R","fw_viz_get_plot_data",184,"business_logic",TRUE
"fct_viz.R","E:/shinyapp/FluxWatch/R/fct_viz.R","fw_viz_get_wq_vars",245,"business_logic",FALSE
"fct_viz.R","E:/shinyapp/FluxWatch/R/fct_viz.R","fw_viz_get_site_choices",258,"business_logic",TRUE
"fct_viz.R","E:/shinyapp/FluxWatch/R/fct_viz.R","fw_viz_filter_time",273,"business_logic",TRUE
"fct_viz.R","E:/shinyapp/FluxWatch/R/fct_viz.R","fw_viz_filter_site",283,"business_logic",TRUE
"fct_viz.R","E:/shinyapp/FluxWatch/R/fct_viz.R","fw_viz_match_flow_sites_by_topology",295,"business_logic",TRUE
"fct_viz.R","E:/shinyapp/FluxWatch/R/fct_viz.R","fw_viz_theme",312,"business_logic",TRUE
"fct_viz.R","E:/shinyapp/FluxWatch/R/fct_viz.R","fw_viz_plot_rain",341,"business_logic",TRUE
"fct_viz.R","E:/shinyapp/FluxWatch/R/fct_viz.R","fw_viz_plot_flow",385,"business_logic",TRUE
"fct_viz.R","E:/shinyapp/FluxWatch/R/fct_viz.R","fw_viz_wq_to_long",435,"business_logic",TRUE
"fct_viz.R","E:/shinyapp/FluxWatch/R/fct_viz.R","fw_viz_plot_wq",469,"business_logic",TRUE
"fct_viz.R","E:/shinyapp/FluxWatch/R/fct_viz.R","fw_viz_plot_flow_with_conc_labels",570,"business_logic",FALSE
"fct_viz.R","E:/shinyapp/FluxWatch/R/fct_viz.R","fw_viz_plot_logC_logQ",709,"business_logic",FALSE
"fct_viz.R","E:/shinyapp/FluxWatch/R/fct_viz.R","fw_viz_plot_flow_wq_linked",881,"business_logic",FALSE
"fct_viz.R","E:/shinyapp/FluxWatch/R/fct_viz.R","fw_viz_build_plot",960,"business_logic",FALSE
"fct_viz.R","E:/shinyapp/FluxWatch/R/fct_viz.R","match_q",602,"business_logic",TRUE
"fct_viz.R","E:/shinyapp/FluxWatch/R/fct_viz.R","match_q",763,"business_logic",TRUE
"mod_about.R","E:/shinyapp/FluxWatch/R/mod_about.R","mod_about_ui",1,"module",FALSE
"mod_about.R","E:/shinyapp/FluxWatch/R/mod_about.R","mod_about_server",62,"module",FALSE
"mod_design.R","E:/shinyapp/FluxWatch/R/mod_design.R","mod_design_ui",12,"module",FALSE
"mod_design.R","E:/shinyapp/FluxWatch/R/mod_design.R","mod_design_server",193,"module",FALSE
"mod_design.R","E:/shinyapp/FluxWatch/R/mod_design.R","%||%",7,"module",TRUE
"mod_design.R","E:/shinyapp/FluxWatch/R/mod_design.R","progress_fn",346,"module",TRUE
"mod_design.R","E:/shinyapp/FluxWatch/R/mod_design.R","filename",526,"module",FALSE
"mod_design.R","E:/shinyapp/FluxWatch/R/mod_design.R","content",527,"module",FALSE
"mod_design.R","E:/shinyapp/FluxWatch/R/mod_design.R","filename",535,"module",FALSE
"mod_design.R","E:/shinyapp/FluxWatch/R/mod_design.R","content",536,"module",FALSE
"mod_disclaimer.R","E:/shinyapp/FluxWatch/R/mod_disclaimer.R","mod_disclaimer_ui",1,"module",FALSE
"mod_disclaimer.R","E:/shinyapp/FluxWatch/R/mod_disclaimer.R","mod_disclaimer_server",43,"module",FALSE
"mod_flux.R","E:/shinyapp/FluxWatch/R/mod_flux.R","mod_flux_method_page_ui",14,"module",TRUE
"mod_flux.R","E:/shinyapp/FluxWatch/R/mod_flux.R","mod_flux_compare_tab_ui",96,"module",FALSE
"mod_flux.R","E:/shinyapp/FluxWatch/R/mod_flux.R","mod_flux_ui",126,"module",FALSE
"mod_flux.R","E:/shinyapp/FluxWatch/R/mod_flux.R","mod_flux_server",144,"module",FALSE
"mod_flux.R","E:/shinyapp/FluxWatch/R/mod_flux.R","%||%",9,"module",TRUE
"mod_flux.R","E:/shinyapp/FluxWatch/R/mod_flux.R","is_flux_compatible",174,"module",TRUE
"mod_flux.R","E:/shinyapp/FluxWatch/R/mod_flux.R","get_wq_targets",181,"module",TRUE
"mod_flux.R","E:/shinyapp/FluxWatch/R/mod_flux.R","add_choice",190,"module",TRUE
"mod_flux.R","E:/shinyapp/FluxWatch/R/mod_flux.R","get_source_df",232,"module",FALSE
"mod_flux.R","E:/shinyapp/FluxWatch/R/mod_flux.R","error",388,"module",FALSE
"mod_flux.R","E:/shinyapp/FluxWatch/R/mod_flux.R","filename",521,"module",FALSE
"mod_flux.R","E:/shinyapp/FluxWatch/R/mod_flux.R","content",522,"module",FALSE
"mod_flux.R","E:/shinyapp/FluxWatch/R/mod_flux.R","filename",535,"module",FALSE
"mod_flux.R","E:/shinyapp/FluxWatch/R/mod_flux.R","content",536,"module",FALSE
"mod_flux.R","E:/shinyapp/FluxWatch/R/mod_flux.R","filename",553,"module",FALSE
"mod_flux.R","E:/shinyapp/FluxWatch/R/mod_flux.R","content",554,"module",FALSE
"mod_flux.R","E:/shinyapp/FluxWatch/R/mod_flux.R","filename",570,"module",FALSE
"mod_flux.R","E:/shinyapp/FluxWatch/R/mod_flux.R","content",579,"module",FALSE
"mod_flux.R","E:/shinyapp/FluxWatch/R/mod_flux.R","filename",591,"module",FALSE
"mod_flux.R","E:/shinyapp/FluxWatch/R/mod_flux.R","content",592,"module",FALSE
"mod_flux.R","E:/shinyapp/FluxWatch/R/mod_flux.R","one_row",672,"module",FALSE
"mod_flux_composite.R","E:/shinyapp/FluxWatch/R/mod_flux_composite.R","fw_composite_left_extra_ui",17,"module",FALSE
"mod_flux_composite.R","E:/shinyapp/FluxWatch/R/mod_flux_composite.R","fw_composite_init_observers",91,"module",FALSE
"mod_flux_composite.R","E:/shinyapp/FluxWatch/R/mod_flux_composite.R","fw_composite_get_daily_all",162,"module",FALSE
"mod_flux_composite.R","E:/shinyapp/FluxWatch/R/mod_flux_composite.R","fw_composite_principle_text",192,"module",FALSE
"mod_flux_composite.R","E:/shinyapp/FluxWatch/R/mod_flux_composite.R","fw_composite_render_principle",426,"module",FALSE
"mod_flux_composite.R","E:/shinyapp/FluxWatch/R/mod_flux_composite.R","fw_composite_run_calc",444,"module",FALSE
"mod_flux_composite.R","E:/shinyapp/FluxWatch/R/mod_flux_composite.R","fw_composite_settle_extra",484,"module",FALSE
"mod_flux_composite.R","E:/shinyapp/FluxWatch/R/mod_flux_composite.R","fw_composite_render_diag",511,"module",TRUE
"mod_flux_composite.R","E:/shinyapp/FluxWatch/R/mod_flux_composite.R","%||%",8,"module",TRUE
"mod_flux_composite.R","E:/shinyapp/FluxWatch/R/mod_flux_composite.R","error",182,"module",FALSE
"mod_flux_composite.R","E:/shinyapp/FluxWatch/R/mod_flux_composite.R","hl_start",195,"module",TRUE
"mod_flux_composite.R","E:/shinyapp/FluxWatch/R/mod_flux_composite.R","error",470,"module",FALSE
"mod_flux_regression.R","E:/shinyapp/FluxWatch/R/mod_flux_regression.R","fw_regression_principle_text",13,"module",FALSE
"mod_flux_regression.R","E:/shinyapp/FluxWatch/R/mod_flux_regression.R","fw_regression_left_extra_ui",184,"module",FALSE
"mod_flux_regression.R","E:/shinyapp/FluxWatch/R/mod_flux_regression.R","fw_regression_step1_reactive",207,"module",FALSE
"mod_flux_regression.R","E:/shinyapp/FluxWatch/R/mod_flux_regression.R","fw_regression_init_observers",218,"module",FALSE
"mod_flux_regression.R","E:/shinyapp/FluxWatch/R/mod_flux_regression.R","fw_regression_get_daily_all",282,"module",FALSE
"mod_flux_regression.R","E:/shinyapp/FluxWatch/R/mod_flux_regression.R","fw_regression_run_calc",315,"module",FALSE
"mod_flux_regression.R","E:/shinyapp/FluxWatch/R/mod_flux_regression.R","fw_regression_settle_extra",348,"module",FALSE
"mod_flux_regression.R","E:/shinyapp/FluxWatch/R/mod_flux_regression.R","%||%",7,"module",TRUE
"mod_flux_regression.R","E:/shinyapp/FluxWatch/R/mod_flux_regression.R","error",294,"module",FALSE
"mod_flux_regression.R","E:/shinyapp/FluxWatch/R/mod_flux_regression.R","error",334,"module",FALSE
"mod_ingest.R","E:/shinyapp/FluxWatch/R/mod_ingest.R","mod_ingest_ui",6,"module",FALSE
"mod_ingest.R","E:/shinyapp/FluxWatch/R/mod_ingest.R","mod_ingest_server",98,"module",FALSE
"mod_report.R","E:/shinyapp/FluxWatch/R/mod_report.R","mod_report_ui",1,"module",FALSE
"mod_report.R","E:/shinyapp/FluxWatch/R/mod_report.R","mod_report_server",53,"module",FALSE
"mod_report.R","E:/shinyapp/FluxWatch/R/mod_report.R","filename",57,"module",FALSE
"mod_report.R","E:/shinyapp/FluxWatch/R/mod_report.R","content",58,"module",FALSE
"mod_report.R","E:/shinyapp/FluxWatch/R/mod_report.R","filename",68,"module",FALSE
"mod_report.R","E:/shinyapp/FluxWatch/R/mod_report.R","content",69,"module",FALSE
"mod_report.R","E:/shinyapp/FluxWatch/R/mod_report.R","filename",79,"module",FALSE
"mod_report.R","E:/shinyapp/FluxWatch/R/mod_report.R","content",80,"module",FALSE
"mod_report.R","E:/shinyapp/FluxWatch/R/mod_report.R","filename",90,"module",FALSE
"mod_report.R","E:/shinyapp/FluxWatch/R/mod_report.R","content",91,"module",FALSE
"mod_report.R","E:/shinyapp/FluxWatch/R/mod_report.R","filename",102,"module",FALSE
"mod_report.R","E:/shinyapp/FluxWatch/R/mod_report.R","content",110,"module",FALSE
"mod_viz.R","E:/shinyapp/FluxWatch/R/mod_viz.R","mod_viz_ui",10,"module",FALSE
"mod_viz.R","E:/shinyapp/FluxWatch/R/mod_viz.R","mod_viz_server",308,"module",FALSE
"mod_viz.R","E:/shinyapp/FluxWatch/R/mod_viz.R","section",14,"module",TRUE
"mod_viz.R","E:/shinyapp/FluxWatch/R/mod_viz.R","%||%",311,"module",TRUE
"mod_viz.R","E:/shinyapp/FluxWatch/R/mod_viz.R","filename",459,"module",FALSE
"mod_viz.R","E:/shinyapp/FluxWatch/R/mod_viz.R","content",469,"module",FALSE
"mod_welcome.R","E:/shinyapp/FluxWatch/R/mod_welcome.R","mod_welcome_ui",1,"module",FALSE
"mod_welcome.R","E:/shinyapp/FluxWatch/R/mod_welcome.R","mod_welcome_server",126,"module",FALSE
"run_app.R","E:/shinyapp/FluxWatch/R/run_app.R","run_app",1,"other",FALSE
"utils_design.R","E:/shinyapp/FluxWatch/R/utils_design.R","utils_design_available_constituents",15,"utility",FALSE
"utils_design.R","E:/shinyapp/FluxWatch/R/utils_design.R","utils_design_find_col",30,"utility",TRUE
"utils_design.R","E:/shinyapp/FluxWatch/R/utils_design.R","utils_design_merge_flow_wq",41,"utility",FALSE
"utils_design.R","E:/shinyapp/FluxWatch/R/utils_design.R","utils_design_prepare_daily",133,"utility",FALSE
"utils_design.R","E:/shinyapp/FluxWatch/R/utils_design.R","utils_design_add_dt_cols",146,"utility",FALSE
"utils_design.R","E:/shinyapp/FluxWatch/R/utils_design.R","utils_design_dt_callback_js",158,"utility",FALSE
"utils_design.R","E:/shinyapp/FluxWatch/R/utils_design.R","utils_design_dt_render_js",181,"utility",FALSE
"utils_design.R","E:/shinyapp/FluxWatch/R/utils_design.R","utils_design_dt_restore_js",194,"utility",FALSE
"utils_design.R","E:/shinyapp/FluxWatch/R/utils_design.R","utils_design_apply_scheme_js",210,"utility",FALSE
"utils_design.R","E:/shinyapp/FluxWatch/R/utils_design.R","utils_design_method_label",244,"utility",TRUE
"utils_design.R","E:/shinyapp/FluxWatch/R/utils_design.R","utils_design_data_status",261,"utility",FALSE
"utils_design.R","E:/shinyapp/FluxWatch/R/utils_design.R","%||%",8,"utility",TRUE
"utils_design.R","E:/shinyapp/FluxWatch/R/utils_design.R","error",53,"utility",FALSE
"utils_flux.R","E:/shinyapp/FluxWatch/R/utils_flux.R","fw_as_num",12,"utility",TRUE
"utils_flux.R","E:/shinyapp/FluxWatch/R/utils_flux.R","fw_as_date",25,"utility",TRUE
"utils_flux.R","E:/shinyapp/FluxWatch/R/utils_flux.R","fw_trim_na",65,"utility",TRUE
"utils_flux.R","E:/shinyapp/FluxWatch/R/utils_flux.R","fw_find_flux_cols",75,"utility",TRUE
"utils_flux.R","E:/shinyapp/FluxWatch/R/utils_flux.R","fw_rv_get",102,"utility",TRUE
"utils_flux.R","E:/shinyapp/FluxWatch/R/utils_flux.R","fw_pick_first_text",106,"utility",TRUE
"utils_flux.R","E:/shinyapp/FluxWatch/R/utils_flux.R","fw_pick_first_df",118,"utility",FALSE
"utils_flux.R","E:/shinyapp/FluxWatch/R/utils_flux.R","fw_as_named_table_list",128,"utility",TRUE
"utils_flux.R","E:/shinyapp/FluxWatch/R/utils_flux.R","fw_rbind_fill",145,"utility",FALSE
"utils_flux.R","E:/shinyapp/FluxWatch/R/utils_flux.R","fw_get_step1_qf_wq",157,"utility",FALSE
"utils_flux.R","E:/shinyapp/FluxWatch/R/utils_flux.R","fw_get_wq_constituents",183,"utility",TRUE
"utils_flux.R","E:/shinyapp/FluxWatch/R/utils_flux.R","fw_build_flux_df_from_clean_list",198,"utility",TRUE
"utils_flux.R","E:/shinyapp/FluxWatch/R/utils_flux.R","fw_fill_daily_id_from_source",249,"utility",TRUE
"utils_flux.R","E:/shinyapp/FluxWatch/R/utils_flux.R","%||%",7,"utility",TRUE
"utils_flux.R","E:/shinyapp/FluxWatch/R/utils_flux.R","pick",81,"utility",TRUE
"utils_flux.R","E:/shinyapp/FluxWatch/R/utils_flux.R","pick_wq_df",203,"utility",FALSE
"utils_flux.R","E:/shinyapp/FluxWatch/R/utils_flux.R","agg_mean",233,"utility",FALSE
"utils_flux_composite.R","E:/shinyapp/FluxWatch/R/utils_flux_composite.R","fw_composite_sub_label",12,"utility",TRUE
"utils_flux_composite.R","E:/shinyapp/FluxWatch/R/utils_flux_composite.R","fw_composite_sub_choices",22,"utility",FALSE
"utils_flux_composite.R","E:/shinyapp/FluxWatch/R/utils_flux_composite.R","fw_build_loadflex_meta",33,"utility",TRUE
"utils_flux_composite.R","E:/shinyapp/FluxWatch/R/utils_flux_composite.R","fw_to_loadflex_data",49,"utility",FALSE
"utils_flux_composite.R","E:/shinyapp/FluxWatch/R/utils_flux_composite.R","fw_to_egret_daily",75,"utility",FALSE
"utils_flux_composite.R","E:/shinyapp/FluxWatch/R/utils_flux_composite.R","fw_to_egret_sample",99,"utility",FALSE
"utils_flux_composite.R","E:/shinyapp/FluxWatch/R/utils_flux_composite.R","fw_to_egret_info",128,"utility",FALSE
"utils_flux_composite.R","E:/shinyapp/FluxWatch/R/utils_flux_composite.R","fw_build_elist",140,"utility",FALSE
"utils_flux_composite.R","E:/shinyapp/FluxWatch/R/utils_flux_composite.R","%||%",7,"utility",TRUE
"utils_flux_regression.R","E:/shinyapp/FluxWatch/R/utils_flux_regression.R","fw_prepare_regression_input",10,"utility",TRUE
"utils_flux_regression.R","E:/shinyapp/FluxWatch/R/utils_flux_regression.R","%||%",7,"utility",TRUE
"utils_flux_regression.R","E:/shinyapp/FluxWatch/R/utils_flux_regression.R","agg_mean",61,"utility",FALSE
"utils_load_calc_grab.R","E:/shinyapp/FluxWatch/R/utils_load_calc_grab.R","baseflow_separation",16,"utility",FALSE
"utils_load_calc_grab.R","E:/shinyapp/FluxWatch/R/utils_load_calc_grab.R","baseflow_annual_summary",85,"utility",FALSE
"utils_load_calc_grab.R","E:/shinyapp/FluxWatch/R/utils_load_calc_grab.R","moving_window_analysis",109,"utility",FALSE
"utils_load_calc_grab.R","E:/shinyapp/FluxWatch/R/utils_load_calc_grab.R","load_calc_grab_sampling",172,"utility",FALSE
"utils_load_calc_grab.R","E:/shinyapp/FluxWatch/R/utils_load_calc_grab.R","generate_time_sequence",457,"utility",FALSE
"utils_load_calc_grab.R","E:/shinyapp/FluxWatch/R/utils_load_calc_grab.R","insert_rows",484,"utility",FALSE
"utils_load_calc_grab.R","E:/shinyapp/FluxWatch/R/utils_load_calc_grab.R","delete_empty_rows",507,"utility",FALSE
"utils_load_calc_grab.R","E:/shinyapp/FluxWatch/R/utils_load_calc_grab.R","fill_missing_data",526,"utility",FALSE
"utils_load_calc_grab.R","E:/shinyapp/FluxWatch/R/utils_load_calc_grab.R","multisheets_merge",583,"utility",FALSE
"utils_report.R","E:/shinyapp/FluxWatch/R/utils_report.R","fw_export_summary_plot",1,"utility",FALSE
"utils_report.R","E:/shinyapp/FluxWatch/R/utils_report.R","fw_write_simple_report",58,"utility",FALSE
"utils_viz.R","E:/shinyapp/FluxWatch/R/utils_viz.R","%||%",9,"utility",TRUE
"utils_viz.R","E:/shinyapp/FluxWatch/R/utils_viz.R","fw_viz_as_posix",15,"utility",TRUE
"utils_viz.R","E:/shinyapp/FluxWatch/R/utils_viz.R","fw_viz_clean_names",27,"utility",TRUE
"utils_viz.R","E:/shinyapp/FluxWatch/R/utils_viz.R","fw_viz_parse_date",38,"utility",TRUE
"utils_viz.R","E:/shinyapp/FluxWatch/R/utils_viz.R","fw_viz_guess_sheet_type",81,"utility",TRUE
"utils_viz.R","E:/shinyapp/FluxWatch/R/utils_viz.R","fw_viz_normalize_clean_list",100,"utility",TRUE
"utils_viz.R","E:/shinyapp/FluxWatch/R/utils_viz.R","fw_viz_read_uploaded_data",131,"utility",FALSE
"utils_viz.R","E:/shinyapp/FluxWatch/R/utils_viz.R","fw_viz_get_plot_data",172,"utility",TRUE
"utils_viz.R","E:/shinyapp/FluxWatch/R/utils_viz.R","fw_viz_get_wq_vars",198,"utility",FALSE
"utils_viz.R","E:/shinyapp/FluxWatch/R/utils_viz.R","fw_viz_get_site_choices",209,"utility",TRUE
"utils_viz.R","E:/shinyapp/FluxWatch/R/utils_viz.R","fw_viz_filter_time",224,"utility",TRUE
"utils_viz.R","E:/shinyapp/FluxWatch/R/utils_viz.R","fw_viz_filter_site",232,"utility",TRUE
"utils_viz.R","E:/shinyapp/FluxWatch/R/utils_viz.R","fw_viz_match_flow_sites_by_topology",243,"utility",TRUE
"utils_viz.R","E:/shinyapp/FluxWatch/R/utils_viz.R","fw_viz_wq_to_long",261,"utility",TRUE
"utils_viz.R","E:/shinyapp/FluxWatch/R/utils_viz.R",".wq_add_std_lines",287,"utility",FALSE
"utils_viz.R","E:/shinyapp/FluxWatch/R/utils_viz.R","fw_viz_calc_plot_height",305,"utility",FALSE
